index,source,timestamp,values,Category,Assigned Custodian
0,heart_rate,2023-01-05 07:28:46,157,Ambient Sensor Data,Custodian C
1,heart_rate,2023-01-01 17:38:24,155,Ambient Sensor Data,Custodian C
2,heart_rate,2023-01-04 06:43:46,117,Ambient Sensor Data,Custodian C
3,heart_rate,2023-01-03 16:18:22,89,Ambient Sensor Data,Custodian C
4,heart_rate,2023-01-05 15:36:32,127,Ambient Sensor Data,Custodian C
5,heart_rate,2023-01-03 00:35:01,54,Ambient Sensor Data,Custodian C
6,heart_rate,2023-01-06 06:10:34,86,Ambient Sensor Data,Custodian C
7,heart_rate,2023-01-02 08:44:15,60,Ambient Sensor Data,Custodian C
8,heart_rate,2023-01-04 13:49:51,105,Ambient Sensor Data,Custodian C
9,heart_rate,2023-01-01 01:53:14,54,Ambient Sensor Data,Custodian C
10,heart_rate,2023-01-01 20:50:29,97,Ambient Sensor Data,Custodian C
11,heart_rate,2023-01-06 14:59:44,61,Ambient Sensor Data,Custodian C
12,heart_rate,2023-01-03 06:59:09,84,Ambient Sensor Data,Custodian C
13,heart_rate,2023-01-01 03:36:35,68,Ambient Sensor Data,Custodian C
14,heart_rate,2023-01-06 02:48:02,64,Ambient Sensor Data,Custodian C
15,heart_rate,2023-01-04 00:29:03,60,Ambient Sensor Data,Custodian C
16,heart_rate,2023-01-04 20:51:51,145,Ambient Sensor Data,Custodian C
17,heart_rate,2023-01-04 03:52:44,55,Ambient Sensor Data,Custodian C
18,heart_rate,2023-01-01 18:43:07,116,Ambient Sensor Data,Custodian C
19,heart_rate,2023-01-05 05:49:12,58,Ambient Sensor Data,Custodian C
20,heart_rate,2023-01-05 14:06:18,145,Ambient Sensor Data,Custodian C
21,heart_rate,2023-01-03 17:27:57,135,Ambient Sensor Data,Custodian C
22,heart_rate,2023-01-06 23:55:33,64,Ambient Sensor Data,Custodian C
23,heart_rate,2023-01-02 03:01:36,68,Ambient Sensor Data,Custodian C
24,heart_rate,2023-01-05 06:01:34,91,Ambient Sensor Data,Custodian C
25,heart_rate,2023-01-05 22:25:17,53,Ambient Sensor Data,Custodian C
26,heart_rate,2023-01-06 12:41:45,117,Ambient Sensor Data,Custodian C
27,heart_rate,2023-01-04 06:47:35,62,Ambient Sensor Data,Custodian C
28,heart_rate,2023-01-02 14:28:22,70,Ambient Sensor Data,Custodian C
29,heart_rate,2023-01-05 15:13:40,75,Ambient Sensor Data,Custodian C
30,heart_rate,2023-01-03 16:21:53,140,Ambient Sensor Data,Custodian C
31,heart_rate,2023-01-03 16:24:31,90,Ambient Sensor Data,Custodian C
32,heart_rate,2023-01-02 07:44:39,120,Ambient Sensor Data,Custodian C
33,heart_rate,2023-01-01 06:32:56,108,Ambient Sensor Data,Custodian C
34,heart_rate,2023-01-01 23:51:19,55,Ambient Sensor Data,Custodian C
35,heart_rate,2023-01-06 21:03:35,99,Ambient Sensor Data,Custodian C
36,heart_rate,2023-01-02 11:21:09,98,Ambient Sensor Data,Custodian C
37,heart_rate,2023-01-03 06:03:37,92,Ambient Sensor Data,Custodian C
38,heart_rate,2023-01-04 02:16:45,69,Ambient Sensor Data,Custodian C
39,heart_rate,2023-01-01 08:29:25,101,Ambient Sensor Data,Custodian C
40,heart_rate,2023-01-01 08:15:31,92,Ambient Sensor Data,Custodian C
41,heart_rate,2023-01-05 15:24:26,79,Ambient Sensor Data,Custodian C
42,heart_rate,2023-01-06 09:45:18,102,Ambient Sensor Data,Custodian C
43,heart_rate,2023-01-05 21:34:35,142,Ambient Sensor Data,Custodian C
44,heart_rate,2023-01-05 08:43:12,133,Ambient Sensor Data,Custodian C
45,heart_rate,2023-01-06 02:12:23,60,Ambient Sensor Data,Custodian C
46,heart_rate,2023-01-06 09:21:58,96,Ambient Sensor Data,Custodian C
47,heart_rate,2023-01-04 16:49:39,93,Ambient Sensor Data,Custodian C
48,heart_rate,2023-01-01 14:03:12,116,Ambient Sensor Data,Custodian C
49,heart_rate,2023-01-03 18:01:12,152,Ambient Sensor Data,Custodian C
50,heart_rate,2023-01-06 14:57:40,135,Ambient Sensor Data,Custodian C
51,heart_rate,2023-01-02 05:34:31,67,Ambient Sensor Data,Custodian C
52,heart_rate,2023-01-02 02:27:36,66,Ambient Sensor Data,Custodian C
53,heart_rate,2023-01-03 13:43:29,99,Ambient Sensor Data,Custodian C
54,heart_rate,2023-01-05 06:24:40,85,Ambient Sensor Data,Custodian C
55,heart_rate,2023-01-01 19:38:38,63,Ambient Sensor Data,Custodian C
56,heart_rate,2023-01-05 17:43:50,105,Ambient Sensor Data,Custodian C
57,heart_rate,2023-01-01 04:36:44,58,Ambient Sensor Data,Custodian C
58,heart_rate,2023-01-02 04:54:31,68,Ambient Sensor Data,Custodian C
59,heart_rate,2023-01-05 20:23:40,151,Ambient Sensor Data,Custodian C
60,heart_rate,2023-01-02 19:46:16,144,Ambient Sensor Data,Custodian C
61,heart_rate,2023-01-05 22:07:20,62,Ambient Sensor Data,Custodian C
62,heart_rate,2023-01-03 22:25:39,59,Ambient Sensor Data,Custodian C
63,heart_rate,2023-01-05 02:55:02,68,Ambient Sensor Data,Custodian C
64,heart_rate,2023-01-06 19:15:43,81,Ambient Sensor Data,Custodian C
65,heart_rate,2023-01-01 16:43:15,103,Ambient Sensor Data,Custodian C
66,heart_rate,2023-01-04 05:03:14,69,Ambient Sensor Data,Custodian C
67,heart_rate,2023-01-03 01:29:38,63,Ambient Sensor Data,Custodian C
68,heart_rate,2023-01-05 21:57:49,96,Ambient Sensor Data,Custodian C
69,heart_rate,2023-01-03 15:06:47,132,Ambient Sensor Data,Custodian C
70,heart_rate,2023-01-03 11:13:50,87,Ambient Sensor Data,Custodian C
71,heart_rate,2023-01-05 04:59:59,70,Ambient Sensor Data,Custodian C
72,heart_rate,2023-01-03 06:03:40,141,Ambient Sensor Data,Custodian C
73,heart_rate,2023-01-01 07:42:54,92,Ambient Sensor Data,Custodian C
74,heart_rate,2023-01-04 00:45:29,65,Ambient Sensor Data,Custodian C
75,heart_rate,2023-01-05 10:29:55,88,Ambient Sensor Data,Custodian C
76,heart_rate,2023-01-06 01:21:48,53,Ambient Sensor Data,Custodian C
77,heart_rate,2023-01-01 04:42:15,54,Ambient Sensor Data,Custodian C
78,heart_rate,2023-01-03 11:57:20,129,Ambient Sensor Data,Custodian C
79,heart_rate,2023-01-04 05:14:02,61,Ambient Sensor Data,Custodian C
80,heart_rate,2023-01-04 12:30:34,72,Ambient Sensor Data,Custodian C
81,heart_rate,2023-01-03 11:54:01,92,Ambient Sensor Data,Custodian C
82,heart_rate,2023-01-04 05:27:48,51,Ambient Sensor Data,Custodian C
83,heart_rate,2023-01-02 13:54:16,78,Ambient Sensor Data,Custodian C
84,heart_rate,2023-01-06 21:45:03,139,Ambient Sensor Data,Custodian C
85,heart_rate,2023-01-06 16:43:59,154,Ambient Sensor Data,Custodian C
86,heart_rate,2023-01-04 07:17:25,123,Ambient Sensor Data,Custodian C
87,heart_rate,2023-01-02 01:41:51,55,Ambient Sensor Data,Custodian C
88,heart_rate,2023-01-02 09:01:52,101,Ambient Sensor Data,Custodian C
89,heart_rate,2023-01-06 09:14:09,107,Ambient Sensor Data,Custodian C
90,heart_rate,2023-01-02 15:19:43,85,Ambient Sensor Data,Custodian C
91,heart_rate,2023-01-03 16:02:10,69,Ambient Sensor Data,Custodian C
92,heart_rate,2023-01-01 05:37:25,68,Ambient Sensor Data,Custodian C
93,heart_rate,2023-01-01 16:08:45,135,Ambient Sensor Data,Custodian C
94,heart_rate,2023-01-02 08:19:15,128,Ambient Sensor Data,Custodian C
95,heart_rate,2023-01-05 20:08:55,146,Ambient Sensor Data,Custodian C
96,heart_rate,2023-01-06 18:21:15,143,Ambient Sensor Data,Custodian C
97,heart_rate,2023-01-04 11:29:08,109,Ambient Sensor Data,Custodian C
98,heart_rate,2023-01-01 00:19:36,61,Ambient Sensor Data,Custodian C
99,heart_rate,2023-01-04 13:49:26,136,Ambient Sensor Data,Custodian C
100,step_counter,2023-01-06 17:17:06,240,Ambient Sensor Data,Custodian B
101,step_counter,2023-01-05 13:04:02,451,Ambient Sensor Data,Custodian B
102,step_counter,2023-01-05 02:29:48,0,Ambient Sensor Data,Custodian B
103,step_counter,2023-01-03 23:43:50,0,Ambient Sensor Data,Custodian B
104,step_counter,2023-01-05 19:25:23,362,Ambient Sensor Data,Custodian B
105,step_counter,2023-01-03 13:06:07,211,Ambient Sensor Data,Custodian B
106,step_counter,2023-01-06 00:07:13,0,Ambient Sensor Data,Custodian B
107,step_counter,2023-01-05 08:51:57,364,Ambient Sensor Data,Custodian B
108,step_counter,2023-01-01 15:14:17,311,Ambient Sensor Data,Custodian B
109,step_counter,2023-01-05 21:41:38,84,Ambient Sensor Data,Custodian B
110,step_counter,2023-01-03 08:54:52,492,Ambient Sensor Data,Custodian B
111,step_counter,2023-01-01 01:32:36,0,Ambient Sensor Data,Custodian B
112,step_counter,2023-01-02 17:11:38,23,Ambient Sensor Data,Custodian B
113,step_counter,2023-01-01 12:39:12,340,Ambient Sensor Data,Custodian B
114,step_counter,2023-01-06 15:04:39,171,Ambient Sensor Data,Custodian B
115,step_counter,2023-01-02 09:08:05,137,Ambient Sensor Data,Custodian B
116,step_counter,2023-01-02 05:36:04,0,Ambient Sensor Data,Custodian B
117,step_counter,2023-01-03 11:57:51,402,Ambient Sensor Data,Custodian B
118,step_counter,2023-01-01 01:12:05,0,Ambient Sensor Data,Custodian B
119,step_counter,2023-01-04 04:19:07,0,Ambient Sensor Data,Custodian B
120,step_counter,2023-01-04 08:49:14,52,Ambient Sensor Data,Custodian B
121,step_counter,2023-01-05 22:46:09,0,Ambient Sensor Data,Custodian B
122,step_counter,2023-01-05 09:34:17,168,Ambient Sensor Data,Custodian B
123,step_counter,2023-01-06 03:47:24,0,Ambient Sensor Data,Custodian B
124,step_counter,2023-01-05 21:23:58,215,Ambient Sensor Data,Custodian B
125,step_counter,2023-01-02 15:10:39,407,Ambient Sensor Data,Custodian B
126,step_counter,2023-01-05 22:56:54,0,Ambient Sensor Data,Custodian B
127,step_counter,2023-01-05 08:26:10,352,Ambient Sensor Data,Custodian B
128,step_counter,2023-01-02 14:38:08,273,Ambient Sensor Data,Custodian B
129,step_counter,2023-01-04 06:35:06,142,Ambient Sensor Data,Custodian B
130,step_counter,2023-01-04 05:49:37,0,Ambient Sensor Data,Custodian B
131,step_counter,2023-01-05 15:01:28,47,Ambient Sensor Data,Custodian B
132,step_counter,2023-01-03 23:55:18,0,Ambient Sensor Data,Custodian B
133,step_counter,2023-01-03 13:40:54,292,Ambient Sensor Data,Custodian B
134,step_counter,2023-01-03 00:41:14,0,Ambient Sensor Data,Custodian B
135,step_counter,2023-01-06 15:19:25,397,Ambient Sensor Data,Custodian B
136,step_counter,2023-01-02 23:58:17,0,Ambient Sensor Data,Custodian B
137,step_counter,2023-01-05 22:17:54,0,Ambient Sensor Data,Custodian B
138,step_counter,2023-01-05 13:40:35,440,Ambient Sensor Data,Custodian B
139,step_counter,2023-01-03 18:32:54,238,Ambient Sensor Data,Custodian B
140,step_counter,2023-01-01 14:49:00,409,Ambient Sensor Data,Custodian B
141,step_counter,2023-01-06 01:50:30,0,Ambient Sensor Data,Custodian B
142,step_counter,2023-01-01 03:07:18,0,Ambient Sensor Data,Custodian B
143,step_counter,2023-01-01 09:05:51,258,Ambient Sensor Data,Custodian B
144,step_counter,2023-01-01 18:07:33,232,Ambient Sensor Data,Custodian B
145,step_counter,2023-01-02 00:47:53,0,Ambient Sensor Data,Custodian B
146,step_counter,2023-01-02 03:13:52,0,Ambient Sensor Data,Custodian B
147,step_counter,2023-01-03 18:16:46,133,Ambient Sensor Data,Custodian B
148,step_counter,2023-01-04 21:01:49,255,Ambient Sensor Data,Custodian B
149,step_counter,2023-01-06 21:55:04,259,Ambient Sensor Data,Custodian B
150,step_counter,2023-01-05 10:38:45,466,Ambient Sensor Data,Custodian B
151,step_counter,2023-01-01 07:17:39,272,Ambient Sensor Data,Custodian B
152,step_counter,2023-01-02 18:58:20,18,Ambient Sensor Data,Custodian B
153,step_counter,2023-01-01 05:58:22,0,Ambient Sensor Data,Custodian B
154,step_counter,2023-01-05 22:06:11,0,Ambient Sensor Data,Custodian B
155,step_counter,2023-01-05 18:31:27,253,Ambient Sensor Data,Custodian B
156,step_counter,2023-01-05 19:34:27,95,Ambient Sensor Data,Custodian B
157,step_counter,2023-01-04 08:13:55,257,Ambient Sensor Data,Custodian B
158,step_counter,2023-01-01 10:48:59,83,Ambient Sensor Data,Custodian B
159,step_counter,2023-01-04 20:46:51,14,Ambient Sensor Data,Custodian B
160,step_counter,2023-01-04 23:43:44,0,Ambient Sensor Data,Custodian B
161,step_counter,2023-01-01 16:28:40,334,Ambient Sensor Data,Custodian B
162,step_counter,2023-01-02 16:34:04,403,Ambient Sensor Data,Custodian B
163,step_counter,2023-01-05 16:59:46,196,Ambient Sensor Data,Custodian B
164,step_counter,2023-01-04 08:53:15,473,Ambient Sensor Data,Custodian B
165,step_counter,2023-01-06 14:17:58,56,Ambient Sensor Data,Custodian B
166,step_counter,2023-01-06 17:53:24,170,Ambient Sensor Data,Custodian B
167,step_counter,2023-01-06 20:32:37,318,Ambient Sensor Data,Custodian B
168,step_counter,2023-01-04 11:14:31,278,Ambient Sensor Data,Custodian B
169,step_counter,2023-01-01 06:08:52,154,Ambient Sensor Data,Custodian B
170,step_counter,2023-01-06 00:15:48,0,Ambient Sensor Data,Custodian B
171,step_counter,2023-01-05 04:51:57,0,Ambient Sensor Data,Custodian B
172,step_counter,2023-01-04 22:59:07,0,Ambient Sensor Data,Custodian B
173,step_counter,2023-01-04 20:14:35,167,Ambient Sensor Data,Custodian B
174,step_counter,2023-01-06 20:44:24,165,Ambient Sensor Data,Custodian B
175,step_counter,2023-01-01 13:04:09,451,Ambient Sensor Data,Custodian B
176,step_counter,2023-01-04 21:15:57,29,Ambient Sensor Data,Custodian B
177,step_counter,2023-01-01 00:14:29,0,Ambient Sensor Data,Custodian B
178,step_counter,2023-01-06 20:03:13,281,Ambient Sensor Data,Custodian B
179,step_counter,2023-01-06 19:39:28,117,Ambient Sensor Data,Custodian B
180,step_counter,2023-01-06 16:22:44,347,Ambient Sensor Data,Custodian B
181,step_counter,2023-01-06 22:13:15,0,Ambient Sensor Data,Custodian B
182,step_counter,2023-01-05 00:46:05,0,Ambient Sensor Data,Custodian B
183,step_counter,2023-01-03 19:32:31,450,Ambient Sensor Data,Custodian B
184,step_counter,2023-01-04 11:16:36,273,Ambient Sensor Data,Custodian B
185,step_counter,2023-01-04 18:07:11,87,Ambient Sensor Data,Custodian B
186,step_counter,2023-01-04 03:18:36,0,Ambient Sensor Data,Custodian B
187,step_counter,2023-01-02 10:26:17,141,Ambient Sensor Data,Custodian B
188,step_counter,2023-01-04 02:40:11,0,Ambient Sensor Data,Custodian B
189,step_counter,2023-01-05 10:18:32,414,Ambient Sensor Data,Custodian B
190,step_counter,2023-01-01 12:59:54,208,Ambient Sensor Data,Custodian B
191,step_counter,2023-01-05 15:28:08,29,Ambient Sensor Data,Custodian B
192,step_counter,2023-01-04 15:53:09,496,Ambient Sensor Data,Custodian B
193,step_counter,2023-01-04 09:43:20,72,Ambient Sensor Data,Custodian B
194,step_counter,2023-01-05 04:14:53,0,Ambient Sensor Data,Custodian B
195,step_counter,2023-01-01 20:55:08,256,Ambient Sensor Data,Custodian B
196,step_counter,2023-01-02 10:29:06,274,Ambient Sensor Data,Custodian B
197,step_counter,2023-01-04 20:06:42,397,Ambient Sensor Data,Custodian B
198,step_counter,2023-01-01 07:18:10,477,Ambient Sensor Data,Custodian B
199,step_counter,2023-01-02 12:01:58,321,Ambient Sensor Data,Custodian B
200,sleep_quality,2023-01-05 02:19:49,Fair,Unknown,Custodian B
201,sleep_quality,2023-01-05 11:51:37,Poor,Unknown,Custodian B
202,sleep_quality,2023-01-01 02:50:32,Poor,Unknown,Custodian B
203,sleep_quality,2023-01-03 12:07:36,Fair,Unknown,Custodian B
204,sleep_quality,2023-01-01 02:23:06,Good,Unknown,Custodian B
205,sleep_quality,2023-01-02 04:05:17,Good,Unknown,Custodian B
206,sleep_quality,2023-01-05 07:11:28,Good,Unknown,Custodian B
207,sleep_quality,2023-01-04 00:19:45,Good,Unknown,Custodian B
208,sleep_quality,2023-01-05 12:40:57,Good,Unknown,Custodian B
209,sleep_quality,2023-01-05 23:10:36,Good,Unknown,Custodian B
210,sleep_quality,2023-01-01 15:02:45,Fair,Unknown,Custodian B
211,sleep_quality,2023-01-05 08:50:40,Good,Unknown,Custodian B
212,sleep_quality,2023-01-02 09:38:36,Fair,Unknown,Custodian B
213,sleep_quality,2023-01-06 03:02:57,Good,Unknown,Custodian B
214,sleep_quality,2023-01-03 02:01:43,Excellent,Unknown,Custodian B
215,sleep_quality,2023-01-04 12:14:23,Good,Unknown,Custodian B
216,sleep_quality,2023-01-01 16:03:18,Good,Unknown,Custodian B
217,sleep_quality,2023-01-04 03:08:25,Fair,Unknown,Custodian B
218,sleep_quality,2023-01-02 12:24:03,Good,Unknown,Custodian B
219,sleep_quality,2023-01-01 07:50:03,Good,Unknown,Custodian B
220,sleep_quality,2023-01-04 07:10:37,Good,Unknown,Custodian B
221,sleep_quality,2023-01-05 05:58:01,Fair,Unknown,Custodian B
222,sleep_quality,2023-01-05 20:10:37,Fair,Unknown,Custodian B
223,sleep_quality,2023-01-02 21:18:25,Good,Unknown,Custodian B
224,sleep_quality,2023-01-01 15:28:36,Fair,Unknown,Custodian B
225,sleep_quality,2023-01-01 04:31:04,Good,Unknown,Custodian B
226,sleep_quality,2023-01-03 03:04:54,Good,Unknown,Custodian B
227,sleep_quality,2023-01-04 14:08:22,Good,Unknown,Custodian B
228,sleep_quality,2023-01-04 20:38:59,Good,Unknown,Custodian B
229,sleep_quality,2023-01-05 06:23:32,Fair,Unknown,Custodian B
230,sleep_quality,2023-01-03 20:56:29,Fair,Unknown,Custodian B
231,sleep_quality,2023-01-02 19:47:01,Good,Unknown,Custodian B
232,sleep_quality,2023-01-02 02:16:25,Poor,Unknown,Custodian B
233,sleep_quality,2023-01-01 19:45:46,Poor,Unknown,Custodian B
234,sleep_quality,2023-01-04 14:10:39,Poor,Unknown,Custodian B
235,sleep_quality,2023-01-06 01:03:46,Good,Unknown,Custodian B
236,sleep_quality,2023-01-06 02:01:08,Good,Unknown,Custodian B
237,sleep_quality,2023-01-04 03:46:53,Fair,Unknown,Custodian B
238,sleep_quality,2023-01-03 06:46:42,Fair,Unknown,Custodian B
239,sleep_quality,2023-01-01 03:13:47,Fair,Unknown,Custodian B
240,sleep_quality,2023-01-06 13:29:19,Poor,Unknown,Custodian B
241,sleep_quality,2023-01-04 10:59:50,Excellent,Unknown,Custodian B
242,sleep_quality,2023-01-02 19:25:03,Fair,Unknown,Custodian B
243,sleep_quality,2023-01-06 04:49:26,Poor,Unknown,Custodian B
244,sleep_quality,2023-01-01 01:52:22,Good,Unknown,Custodian B
245,sleep_quality,2023-01-02 05:48:17,Good,Unknown,Custodian B
246,sleep_quality,2023-01-01 00:11:55,Fair,Unknown,Custodian B
247,sleep_quality,2023-01-04 19:15:08,Good,Unknown,Custodian B
248,sleep_quality,2023-01-06 11:45:36,Fair,Unknown,Custodian B
249,sleep_quality,2023-01-04 23:47:20,Excellent,Unknown,Custodian B
250,sleep_quality,2023-01-06 12:22:55,Fair,Unknown,Custodian B
251,sleep_quality,2023-01-03 21:42:44,Good,Unknown,Custodian B
252,sleep_quality,2023-01-06 08:41:57,Good,Unknown,Custodian B
253,sleep_quality,2023-01-04 11:40:24,Excellent,Unknown,Custodian B
254,sleep_quality,2023-01-05 05:31:08,Good,Unknown,Custodian B
255,sleep_quality,2023-01-06 13:33:32,Poor,Unknown,Custodian B
256,sleep_quality,2023-01-01 11:44:47,Poor,Unknown,Custodian B
257,sleep_quality,2023-01-06 01:44:12,Good,Unknown,Custodian B
258,sleep_quality,2023-01-03 06:58:59,Fair,Unknown,Custodian B
259,sleep_quality,2023-01-05 12:55:36,Excellent,Unknown,Custodian B
260,sleep_quality,2023-01-05 04:08:42,Good,Unknown,Custodian B
261,sleep_quality,2023-01-06 04:32:46,Good,Unknown,Custodian B
262,sleep_quality,2023-01-04 18:54:45,Good,Unknown,Custodian B
263,sleep_quality,2023-01-02 22:54:04,Good,Unknown,Custodian B
264,sleep_quality,2023-01-04 20:19:28,Good,Unknown,Custodian B
265,sleep_quality,2023-01-04 22:11:40,Good,Unknown,Custodian B
266,sleep_quality,2023-01-02 00:52:28,Good,Unknown,Custodian B
267,sleep_quality,2023-01-03 09:12:00,Fair,Unknown,Custodian B
268,sleep_quality,2023-01-03 22:33:13,Good,Unknown,Custodian B
269,sleep_quality,2023-01-05 10:33:38,Excellent,Unknown,Custodian B
270,sleep_quality,2023-01-02 04:21:24,Excellent,Unknown,Custodian B
271,sleep_quality,2023-01-05 13:49:10,Good,Unknown,Custodian B
272,sleep_quality,2023-01-02 10:22:26,Fair,Unknown,Custodian B
273,sleep_quality,2023-01-04 21:44:27,Good,Unknown,Custodian B
274,sleep_quality,2023-01-06 19:42:40,Poor,Unknown,Custodian B
275,sleep_quality,2023-01-02 22:49:13,Good,Unknown,Custodian B
276,sleep_quality,2023-01-02 17:58:12,Fair,Unknown,Custodian B
277,sleep_quality,2023-01-01 02:40:39,Fair,Unknown,Custodian B
278,sleep_quality,2023-01-06 02:54:53,Good,Unknown,Custodian B
279,sleep_quality,2023-01-05 21:56:22,Excellent,Unknown,Custodian B
280,sleep_quality,2023-01-03 13:32:10,Good,Unknown,Custodian B
281,sleep_quality,2023-01-02 15:05:18,Fair,Unknown,Custodian B
282,sleep_quality,2023-01-02 18:23:15,Good,Unknown,Custodian B
283,sleep_quality,2023-01-03 13:07:34,Good,Unknown,Custodian B
284,sleep_quality,2023-01-06 04:40:42,Excellent,Unknown,Custodian B
285,sleep_quality,2023-01-02 22:30:11,Fair,Unknown,Custodian B
286,sleep_quality,2023-01-04 10:51:04,Fair,Unknown,Custodian B
287,sleep_quality,2023-01-01 00:29:56,Fair,Unknown,Custodian B
288,sleep_quality,2023-01-06 16:25:07,Poor,Unknown,Custodian B
289,sleep_quality,2023-01-01 19:16:24,Good,Unknown,Custodian B
290,sleep_quality,2023-01-04 17:03:48,Good,Unknown,Custodian B
291,sleep_quality,2023-01-03 08:24:29,Fair,Unknown,Custodian B
292,sleep_quality,2023-01-03 03:26:09,Good,Unknown,Custodian B
293,sleep_quality,2023-01-04 00:15:09,Poor,Unknown,Custodian B
294,sleep_quality,2023-01-04 14:30:40,Excellent,Unknown,Custodian B
295,sleep_quality,2023-01-06 17:35:45,Poor,Unknown,Custodian B
296,sleep_quality,2023-01-02 15:45:21,Good,Unknown,Custodian B
297,sleep_quality,2023-01-05 11:26:19,Poor,Unknown,Custodian B
298,sleep_quality,2023-01-03 18:14:38,Good,Unknown,Custodian B
299,sleep_quality,2023-01-03 19:48:05,Fair,Unknown,Custodian B
300,calories_burned,2023-01-03 02:07:39,0.0,Unknown,Custodian A
301,calories_burned,2023-01-04 22:30:25,0.0,Unknown,Custodian A
302,calories_burned,2023-01-03 20:48:59,15.92,Unknown,Custodian A
303,calories_burned,2023-01-02 22:03:47,0.0,Unknown,Custodian A
304,calories_burned,2023-01-05 11:07:13,15.52,Unknown,Custodian A
305,calories_burned,2023-01-05 03:03:49,0.0,Unknown,Custodian A
306,calories_burned,2023-01-03 23:38:32,0.0,Unknown,Custodian A
307,calories_burned,2023-01-04 19:48:27,6.56,Unknown,Custodian A
308,calories_burned,2023-01-02 23:46:33,0.0,Unknown,Custodian A
309,calories_burned,2023-01-03 17:32:22,17.68,Unknown,Custodian A
310,calories_burned,2023-01-06 10:47:16,0.6,Unknown,Custodian A
311,calories_burned,2023-01-03 00:03:01,0.0,Unknown,Custodian A
312,calories_burned,2023-01-01 19:00:26,4.32,Unknown,Custodian A
313,calories_burned,2023-01-06 22:32:13,0.0,Unknown,Custodian A
314,calories_burned,2023-01-03 23:34:20,0.0,Unknown,Custodian A
315,calories_burned,2023-01-04 22:05:53,0.0,Unknown,Custodian A
316,calories_burned,2023-01-04 20:12:42,3.04,Unknown,Custodian A
317,calories_burned,2023-01-06 14:50:53,8.12,Unknown,Custodian A
318,calories_burned,2023-01-02 20:01:26,19.76,Unknown,Custodian A
319,calories_burned,2023-01-02 12:00:41,0.44,Unknown,Custodian A
320,calories_burned,2023-01-05 09:29:23,5.84,Unknown,Custodian A
321,calories_burned,2023-01-05 16:16:55,18.68,Unknown,Custodian A
322,calories_burned,2023-01-01 05:27:07,0.0,Unknown,Custodian A
323,calories_burned,2023-01-03 19:27:24,19.08,Unknown,Custodian A
324,calories_burned,2023-01-06 23:30:41,0.0,Unknown,Custodian A
325,calories_burned,2023-01-06 09:22:58,12.0,Unknown,Custodian A
326,calories_burned,2023-01-05 13:19:37,2.6,Unknown,Custodian A
327,calories_burned,2023-01-06 08:01:43,8.88,Unknown,Custodian A
328,calories_burned,2023-01-01 05:50:12,0.0,Unknown,Custodian A
329,calories_burned,2023-01-06 11:17:44,5.56,Unknown,Custodian A
330,calories_burned,2023-01-01 07:29:53,10.84,Unknown,Custodian A
331,calories_burned,2023-01-06 06:40:54,2.64,Unknown,Custodian A
332,calories_burned,2023-01-03 02:23:54,0.0,Unknown,Custodian A
333,calories_burned,2023-01-02 21:15:49,8.96,Unknown,Custodian A
334,calories_burned,2023-01-06 23:13:07,0.0,Unknown,Custodian A
335,calories_burned,2023-01-06 07:30:35,8.6,Unknown,Custodian A
336,calories_burned,2023-01-01 12:09:52,3.52,Unknown,Custodian A
337,calories_burned,2023-01-06 20:53:25,9.56,Unknown,Custodian A
338,calories_burned,2023-01-03 13:06:00,5.96,Unknown,Custodian A
339,calories_burned,2023-01-03 16:54:53,0.04,Unknown,Custodian A
340,calories_burned,2023-01-01 18:25:18,4.4,Unknown,Custodian A
341,calories_burned,2023-01-02 00:30:51,0.0,Unknown,Custodian A
342,calories_burned,2023-01-01 05:12:19,0.0,Unknown,Custodian A
343,calories_burned,2023-01-06 05:38:06,0.0,Unknown,Custodian A
344,calories_burned,2023-01-03 21:07:56,3.12,Unknown,Custodian A
345,calories_burned,2023-01-06 11:26:52,8.64,Unknown,Custodian A
346,calories_burned,2023-01-03 03:56:49,0.0,Unknown,Custodian A
347,calories_burned,2023-01-05 01:51:29,0.0,Unknown,Custodian A
348,calories_burned,2023-01-01 22:54:39,0.0,Unknown,Custodian A
349,calories_burned,2023-01-06 23:53:19,0.0,Unknown,Custodian A
350,calories_burned,2023-01-06 23:55:09,0.0,Unknown,Custodian A
351,calories_burned,2023-01-06 00:52:02,0.0,Unknown,Custodian A
352,calories_burned,2023-01-06 21:26:42,5.6,Unknown,Custodian A
353,calories_burned,2023-01-06 12:38:17,14.28,Unknown,Custodian A
354,calories_burned,2023-01-02 06:17:44,6.32,Unknown,Custodian A
355,calories_burned,2023-01-03 04:03:43,0.0,Unknown,Custodian A
356,calories_burned,2023-01-03 01:32:42,0.0,Unknown,Custodian A
357,calories_burned,2023-01-04 14:41:48,16.56,Unknown,Custodian A
358,calories_burned,2023-01-03 19:10:30,1.32,Unknown,Custodian A
359,calories_burned,2023-01-06 10:45:49,8.76,Unknown,Custodian A
360,calories_burned,2023-01-06 09:31:47,7.84,Unknown,Custodian A
361,calories_burned,2023-01-05 05:08:43,0.0,Unknown,Custodian A
362,calories_burned,2023-01-02 02:20:59,0.0,Unknown,Custodian A
363,calories_burned,2023-01-04 03:26:04,0.0,Unknown,Custodian A
364,calories_burned,2023-01-02 04:57:49,0.0,Unknown,Custodian A
365,calories_burned,2023-01-04 22:58:19,0.0,Unknown,Custodian A
366,calories_burned,2023-01-05 19:37:14,15.6,Unknown,Custodian A
367,calories_burned,2023-01-05 07:55:34,5.76,Unknown,Custodian A
368,calories_burned,2023-01-05 11:13:26,14.44,Unknown,Custodian A
369,calories_burned,2023-01-03 07:24:45,4.64,Unknown,Custodian A
370,calories_burned,2023-01-02 20:21:46,0.16,Unknown,Custodian A
371,calories_burned,2023-01-02 14:00:04,7.0,Unknown,Custodian A
372,calories_burned,2023-01-03 06:37:19,0.64,Unknown,Custodian A
373,calories_burned,2023-01-05 20:01:02,8.36,Unknown,Custodian A
374,calories_burned,2023-01-06 11:54:54,14.0,Unknown,Custodian A
375,calories_burned,2023-01-04 17:45:29,5.56,Unknown,Custodian A
376,calories_burned,2023-01-03 16:49:00,1.76,Unknown,Custodian A
377,calories_burned,2023-01-05 18:32:03,18.76,Unknown,Custodian A
378,calories_burned,2023-01-05 21:41:27,7.64,Unknown,Custodian A
379,calories_burned,2023-01-05 04:01:20,0.0,Unknown,Custodian A
380,calories_burned,2023-01-01 18:48:29,14.8,Unknown,Custodian A
381,calories_burned,2023-01-01 09:50:20,9.44,Unknown,Custodian A
382,calories_burned,2023-01-06 23:46:06,0.0,Unknown,Custodian A
383,calories_burned,2023-01-05 01:37:55,0.0,Unknown,Custodian A
384,calories_burned,2023-01-03 01:51:23,0.0,Unknown,Custodian A
385,calories_burned,2023-01-05 14:46:04,6.04,Unknown,Custodian A
386,calories_burned,2023-01-04 07:52:06,17.76,Unknown,Custodian A
387,calories_burned,2023-01-06 00:57:12,0.0,Unknown,Custodian A
388,calories_burned,2023-01-03 11:32:46,18.96,Unknown,Custodian A
389,calories_burned,2023-01-06 04:49:20,0.0,Unknown,Custodian A
390,calories_burned,2023-01-01 08:24:38,0.8,Unknown,Custodian A
391,calories_burned,2023-01-06 03:49:16,0.0,Unknown,Custodian A
392,calories_burned,2023-01-01 04:02:18,0.0,Unknown,Custodian A
393,calories_burned,2023-01-01 10:20:06,11.04,Unknown,Custodian A
394,calories_burned,2023-01-04 02:31:41,0.0,Unknown,Custodian A
395,calories_burned,2023-01-04 07:08:13,12.36,Unknown,Custodian A
396,calories_burned,2023-01-05 21:15:16,19.2,Unknown,Custodian A
397,calories_burned,2023-01-06 03:13:53,0.0,Unknown,Custodian A
398,calories_burned,2023-01-04 17:33:04,14.04,Unknown,Custodian A
399,calories_burned,2023-01-04 08:56:08,18.2,Unknown,Custodian A
